{
  "stickers": [
    "A",
    "B",
    "C",
    "D",
    "E",
    "F"
  ],
  "markers": [
    "a",
    "b",
    "c",
    "d",
    "e"
  ],
  "room": {
    "layout": [
      [
        35.80729166666667,
        402.199074074074,
        182.29166666666669,
        324.0740740740741,
        "A"
      ],
      [
        349.93489583333337,
        121.52777777777777,
        244.140625,
        260.41666666666663,
        "C"
      ],
      [
        703.125,
        387.73148148148147,
        182.29166666666669,
        324.0740740740741,
        "E"
      ]
    ],
    "rules": [
      [
        [
          2,
          3,
          3
        ],
        [
          "A",
          null,
          null
        ],
        [
          "B",
          null,
          null
        ],
        null,
        ["wiggle",null,null]
      ],
      [
        [
          2,
          3,
          3
        ],
        [
          "B",
          null,
          null
        ],
        [
          "A",
          null,
          null
        ],
        null,
        [null,null,null]
      ],
      [
        [
          3,
          2,
          3
        ],
        [
          null,
          "C",
          null
        ],
        [
          null,
          "D",
          null
        ],
        null,
        [null,null,null]
      ],
      [
        [
          3,
          2,
          3
        ],
        [
          null,
          "D",
          null
        ],
        [
          null,
          "C",
          null
        ],
        null,
        [null,null,null]
      ],
      [
        [
          3,
          3,
          2
        ],
        [
          null,
          null,
          "E"
        ],
        [
          null,
          null,
          "F"
        ],
        null,
        [null,null,null]
      ],
      [
        [
          3,
          3,
          2
        ],
        [
          null,
          null,
          "F"
        ],
        [
          null,
          null,
          "E"
        ],
        null,
        [null,null,null]
      ]
    ]
  },
  "needsRefresh": false,
  "backgroundId": -1,
  "backgroundMusicId": -1,
  "atlasInfo": [
    [
      0,
      225,
      225
    ],
    [
      225,
      220,
      169
    ],
    [
      394,
      400,
      172
    ],
    [
      566,
      400,
      268
    ],
    [
      834,
      400,
      265
    ],
    [
      1099,
      400,
      265
    ]
  ],
  "intro": "A game made with Stick&Click.\nClick the animals to discover what sound they make.\nBy Andrea Valente."
}
